Unnamed: 0,Survey1,Survey2,Survey3,Survey4,Survey5,Survey6,Survey7
Survey1,1.0,0.5996991328533424,0.5762818588804784,0.6248994925309235,0.4913924189075408,0.4414031485739459,0.4915761083399584
Survey2,0.5996991328533424,1.0,0.8220767853232551,0.7152761525608239,0.7650596198160485,0.7584948400483257,0.8198981072663195
Survey3,0.5762818588804784,0.8220767853232551,1.0,0.6869693142913761,0.7538421970870414,0.7578623008668031,0.7986443697347165
Survey4,0.6248994925309235,0.7152761525608239,0.6869693142913761,1.0,0.6647463886986904,0.6047416607025281,0.6480148819351451
Survey5,0.4913924189075408,0.7650596198160485,0.7538421970870414,0.6647463886986904,1.0,0.8317812914344389,0.809669275694117
Survey6,0.4414031485739459,0.7584948400483257,0.7578623008668031,0.6047416607025281,0.8317812914344389,1.0,0.8689029354357989
Survey7,0.4915761083399584,0.8198981072663195,0.7986443697347165,0.6480148819351451,0.809669275694117,0.8689029354357989,1.0
