Unnamed: 0,Component1,Component2,Component3
Survey1,-0.2991630582659216,-0.7720340767234402,0.496520744426689
Survey2,-0.4017552868764407,-0.01066036932395736,0.03659105095056897
Survey3,-0.395710645433913,0.02416576373301311,0.09742237204464822
Survey4,-0.3581802100219944,-0.3537981839460894,-0.8352626757130343
Survey5,-0.3910288229827171,0.2410889895139615,-0.04549524618869794
Survey6,-0.3882883212359463,0.3772464392130498,0.1559769304922023
Survey7,-0.40067794481754,0.2786643591123985,0.1362892844601424
