Unnamed: 0,cluster,size,mean_score
0,0,7972,4.882660741165508
1,1,7550,2.903859981078524
2,2,11429,3.909940877217104
