Item,Entropy
Survey1,2.059324710793692
Survey2,1.831929097723742
Survey3,1.829896346873568
Survey4,1.820852911366573
Survey5,1.75627369314284
Survey6,1.728445538513736
Survey7,1.750441622334021
