Campus,count,mean,std,q25,median,q75,skewness,kurtosis,iqr,cv,z_score
인문캠퍼스,16143,3.903,0.924,3,4,5,-0.554,0.005,2,23.67409684857802,-0.03519759003345885
자연캠퍼스,10808,3.985,0.943,3,4,5,-0.655,-0.004,2,23.66373902132999,0.05277108887336648
