Campus,인문캠퍼스,자연캠퍼스
인문캠퍼스,,-0.09222241205763977
자연캠퍼스,0.09222241205763977,
