Campus,count,mean,std,q25,median,q75,skewness,kurtosis,iqr,cv,z_score
인문캠퍼스,16143,4.089,0.901,3,4,5,-0.745,0.176,2,22.03472731719247,-0.03733289094287124
자연캠퍼스,10808,4.173,0.905,4,4,5,-0.883,0.291,1,21.68703570572729,0.05560856407808445
