Campus,인문캠퍼스,자연캠퍼스
인문캠퍼스,,-0.09379261281473006
자연캠퍼스,0.09379261281473006,
