Campus,count,mean,std,q25,median,q75,skewness,kurtosis,iqr,cv,z_score
인문캠퍼스,16143,4.048,0.911,3,4,5,-0.682,0.061,2,22.50494071146245,-0.03735703829166317
자연캠퍼스,10808,4.132,0.909,3,4,5,-0.804,0.165,2,21.99903194578897,0.05483440106409404
