Campus,count,mean,std,q25,median,q75,skewness,kurtosis,iqr,cv,z_score
인문캠퍼스,16143,4.009,0.897,3,4,5,-0.585,-0.076,2,22.37465702170117,-0.04757459886285692
자연캠퍼스,10808,4.116,0.899,3,4,5,-0.765,0.142,2,21.84159378036929,0.07136827077066157
