Campus,count,mean,std,q25,median,q75,skewness,kurtosis,iqr,cv,z_score
인문캠퍼스,16143,3.433,1.079,3,3,4,-0.182,-0.499,1,31.4302359452374,-0.04080461961629767
자연캠퍼스,10808,3.544,1.117,3,3,5,-0.257,-0.625,2,31.51805869074492,0.06047963762862237
