Campus,count,mean,std,q25,median,q75,skewness,kurtosis,iqr,cv,z_score
인문캠퍼스,16143,3.875,0.795,3.286,3.857,4.571,-0.331,-0.135,1.285,20.51612903225806,-0.05059239320734663
자연캠퍼스,10808,3.976,0.821,3.286,4.0,4.857,-0.453,-0.214,1.571,20.64889336016097,0.07456858790593869
