Campus,인문캠퍼스,자연캠퍼스
인문캠퍼스,,-0.1253062749934212
자연캠퍼스,0.1253062749934212,
