Unnamed: 0,count,mean,std,q25,median,q75,skewness,kurtosis,mode,mode_freq,mode_pct,iqr,cv,ci_lower,ci_upper
distribution_Survey1,26951,3.477718823049238,1.095925497400708,3.0,3,4.0,-0.2082905855132522,-0.5575828191672074,3,10440,38.73696708841972,1.0,31.51276894892291,3.464634200912462,3.490803445186013
distribution_Survey2,26951,3.935809431932025,0.93214995404049,3.0,4,5.0,-0.5914569876778205,-0.009460855861156414,4,9635,35.75006493265556,2.0,23.68381828850166,3.9246801809452,3.94693868291885
distribution_Survey3,26951,3.94575340432637,0.9313084831581913,3.0,4,5.0,-0.570287983165503,-0.1173640771711915,4,9449,35.05992356498831,2.0,23.60280503431985,3.934634199942678,3.956872608710062
distribution_Survey4,26951,3.794924121553931,0.9413121071728338,3.0,4,5.0,-0.2159238757738687,-0.5590909747433601,3,10191,37.81306816073615,2.0,24.80450404334801,3.783685480547455,3.806162762560408
distribution_Survey5,26951,4.05179770694965,0.8995915461740832,3.0,4,5.0,-0.6538173013679179,-0.009024614685965826,5,10123,37.56075841341694,2.0,22.20228183236054,4.041057181715915,4.062538232183385
distribution_Survey6,26951,4.122741271195874,0.9037947596264766,3.0,4,5.0,-0.7973960981896826,0.2082882702751525,5,11338,42.06893992801751,2.0,21.92217993258439,4.111950562386784,4.133531980004965
distribution_Survey7,26951,4.082037772253349,0.9111475055276265,3.0,4,5.0,-0.7287193609864946,0.09132548898992665,5,10784,40.01335757485808,2.0,22.32089844246244,4.071159276544498,4.0929162679622
distribution_SurveyCombined,26951,3.915826075894348,0.806960756472364,3.285714285714286,4,4.714285714285714,-0.3748895143854082,-0.1842426432460122,5,5079,18.84531186226856,1.428571428571429,20.60767615395328,3.906191500731447,3.925460651057248
