Campus,인문캠퍼스,자연캠퍼스
인문캠퍼스,,-0.1634709642241447
자연캠퍼스,0.1634709642241447,
