Campus,인문캠퍼스,자연캠퍼스
인문캠퍼스,,-0.09258872678185982
자연캠퍼스,0.09258872678185982,
