Campus,인문캠퍼스,자연캠퍼스
인문캠퍼스,,-0.1186850613111963
자연캠퍼스,0.1186850613111963,
