Campus,count,mean,std,q25,median,q75,skewness,kurtosis,iqr,cv,z_score
인문캠퍼스,16143,3.911,0.928,3,4,5,-0.542,-0.088,2,23.72794681667093,-0.03731674837591573
자연캠퍼스,10808,3.998,0.934,3,4,5,-0.619,-0.141,2,23.36168084042021,0.05610020376541083
