Campus,인문캠퍼스,자연캠퍼스
인문캠퍼스,,-0.1009470801490394
자연캠퍼스,0.1009470801490394,
