Campus,인문캠퍼스,자연캠퍼스
인문캠퍼스,,-0.08868557638866358
자연캠퍼스,0.08868557638866358,
