Campus,count,mean,std,q25,median,q75,skewness,kurtosis,iqr,cv,z_score
인문캠퍼스,16143,3.733,0.933,3,4,5,-0.148,-0.498,2,24.99330297347977,-0.06578489863464741
자연캠퍼스,10808,3.887,0.947,3,4,5,-0.328,-0.591,2,24.36326215590429,0.0978165241309944
